STAR;NAME;TYPE;HP;DODGE;SPEED;FRONTPICT;BACKPICT
1;Furan;FIRE;600;9;15;src/main/resources/Monsters/Front/Furan.png;src/main/resources/Monsters/Back/Furan-b.png
2;Solizard;FIRE;600;12;20;src/main/resources/Monsters/Front/Solizard.png;src/main/resources/Monsters/Back/Solizard-b.png
3;Arigaflore;GRASS;600;8;18;src/main/resources/Monsters/Front/Aligaflore.png;src/main/resources/Monsters/Back/Aligaflore-b.png
4;Quakusa;GRASS;600;10;13;src/main/resources/Monsters/Front/Quakusa.png;src/main/resources/Monsters/Back/Quakusa-b.png
5;Rakuji;ELECTRIC;600;20;16;src/main/resources/Monsters/Front/Rakuji.png;src/main/resources/Monsters/Back/Rakuji-b.png
6;Innoshipik;ELECTRIC;600;18;17;src/main/resources/Monsters/Front/Innoshipik.png;src/main/resources/Monsters/Back/Innoshipik-b.png
7;Kurumi;WATER;600;16;21;src/main/resources/Monsters/Front/Kurumi.png;src/main/resources/Monsters/Back/Kurumi-b.png
8;Piritt'oh;WATER;600;13;19;src/main/resources/Monsters/Front/Piritt'oh.png;src/main/resources/Monsters/Back/Piritt'oh-b.png
9;Chikiniwa;ROCK;600;11;12;src/main/resources/Monsters/Front/Chikiniwa.png;src/main/resources/Monsters/Back/Chikiniwa-b.png
10;Seboru;ROCK;600;14;14;src/main/resources/Monsters/Front/Seboru.png;src/main/resources/Monsters/Back/Seboru-b.png
11;Okane;LEGENDARY;600;30;30;src/main/resources/Monsters/Front/Okane.png;src/main/resources/Monsters/Back/Okane-b.png
