NUMBER;SPELLNAME;French Name;SPELLTYPE;DAMAGES;EFFECTS;POURCENTAGE
1;Lava Plume;Ebullilave;FIRE;20;BURN;50
2;Ember;Flamm�che;FIRE;40;BURN;30
3;Flare Blitz;Boutefeu;FIRE;120;null;0
4;Fire Fang;Crocs Feu;FIRE;65;null;0
5;Fire Punch;Poind De Feu;FIRE;75;null;0
6;Blaze Kick;Pied Bruleur;FIRE;85;BURN;10
7;FlameThrower;Lance-Flamme;FIRE;95;null;0
8;Blast Burn;Rafale Feu;FIRE;100;null;0
9;Overheat;Surchauffe;FIRE;140;null;0
10;Fire Blast;Deflagration;FIRE;150;RELOAD;0
11;Vine Whip;Fouet Lianes;GRASS;0;CONFUSED;100
12;Absorb;Vol de Vie;GRASS;55;null;0
13;Needle Arm;Poing Dard;GRASS;60;null;0
14;Horn Leech;Encornebois;GRASS;65;null;0
15;Seed Bomb;Canon Graine;GRASS;75;null;0
16;Giga Drain;Giga-Sangsue;GRASS;80;null;0
17;Energy Ball;Eco-Sphere;GRASS;90;null;0
18;Aeroblast;Aeroblast;GRASS;100;null;0
19;Seed Flare;Fulmigraine;GRASS;120;CONFUSED;30
20;Solarbeam;Lance-Soleil;GRASS;140;RELOAD;0
21;ThunderCage;Cage-�clair;ELECTRIC;0;PARA;100
22;Discharge;Coup d'jus;ELECTRIC;40;PARA;30
23;Thunder Fang;Crocs Eclair;ELECTRIC;55;FEAR;50
24;Etincelle;Etincelle;ELECTRIC;65;null;0
25;Electroweb;Toile Elek;ELECTRIC;70;null;0
26;ThunderPunch;Poing-Eclair;ELECTRIC;80;null;0
27;Volt Tackle;Electacle;ELECTRIC;120;null;40
28;Thunderbolt;Tonnerre;ELECTRIC;95;PARA;100
29;Thunder;Fatal-Foudre;ELECTRIC;120;PARA;100
30;Zap Cannon;Elecanon;ELECTRIC;150;RELOAD;0
31;Aqua Jet;Aqua-jet;WATER;40;null;0
32;Glaciate;EreGlaciaire;WATER;50;FROZEN;30
33;Bubblebeam;Bulles D'O;WATER;65;null;0
34;Razor Shell;Coquilame;WATER;75;null;0
35;Water Pulse;Vibraqua;WATER;60;CONFUSED;30
36;Scald;Ebullition;WATER;80;BURN;20
37;Icicle Crash;Chute Glace;WATER;90;FEAR;50
38;Blizzard;Blizzard;WATER;100;FROZEN;10
39;Hydro Pump;Hydrocanon;WATER;120;null;0
40;Hydro Cannon;Hydroblast;WATER;150;RELOAD;0
41;Explosion;Explosion;ROCK;400;DIE;0
42;Rock Punch;Poing de Pierre;ROCK;40;STUN;30
43;Rock Throw;Jet-Pierres;ROCK;50;null;0
44;Rock Tomb;Tomberoche;ROCK;70;STUN;10
45;Breath of the Earth;Souffle de la  Terre;ROCK;85;STUN;10
46;Falling Mountain;La Chute de la Montagne;ROCK;90;null;0
47;Tectonic Fracture;Fracture tectonique;ROCK;100;null;0
48;Stone Edge;Lame de Roc;ROCK;120;null;0
49;Rock Wrecker;Roc-Boulet;ROCK;150;RELOAD;0
50;Head Smash;Fracass'Tete;ROCK;150;null;0
